,parsed,entities,labels,position_start,position_end,has_terms
C:\Users\shweata\dictionary\ethics_statement_project\ethics_statement_frontiers_100\PMC7906226\sections\1_body\5_ethics_statement\1_p.xml,The studies involving human participants were reviewed and approved by Ethics Committee of the Affiliated Hospital of Qingdao University School of Medicine. The patients/participants provided their written informed consent to participate in this study. Written informed consent was obtained from the individual(s) for the publication of any potentially identifiable images or data included in this article.,"[Ethics Committee, the Affiliated Hospital of Qingdao University School of Medicine]","['ORG', 'ORG']","[71, 91]","[87, 155]",human participants
C:\Users\shweata\dictionary\ethics_statement_project\ethics_statement_frontiers_100\PMC7940375\sections\1_body\4_ethics_statement\1_p.xml,"The studies involving human participants were reviewed and approved by Second affiliated hospital, school of medicine, zhejiang university. The patients/participants provided their written informed consent to participate in this study. Written informed consent was obtained from the individual(s) for the publication of any potentially identifiable images or data included in this article.",[Second],['ORDINAL'],[71],[77],human participants
C:\Users\shweata\dictionary\ethics_statement_project\ethics_statement_frontiers_100\PMC7947343\sections\1_body\1_materials_and_methods\3_experimental_procedure\1_p.xml,All procedures performed in this study were in accordance with the ethical standards of the Ethics Board of Central China Normal University and with the 1964 Helsinki declaration and its later amendments or comparable ethical standards. All participants provided written informed consent.,"[the Ethics Board of Central China Normal University, 1964, Helsinki]","['ORG', 'DATE', 'ORG']","[88, 153, 158]","[139, 157, 166]",ethical standards
C:\Users\shweata\dictionary\ethics_statement_project\ethics_statement_frontiers_100\PMC7947343\sections\1_body\6_ethics_statement\1_p.xml,The studies involving human participants were reviewed and approved by the Ethics Board of Central China Normal University. The patients/participants provided their written informed consent to participate in this study.,[the Ethics Board of Central China Normal University],['ORG'],[71],[122],human participants
C:\Users\shweata\dictionary\ethics_statement_project\ethics_statement_frontiers_100\PMC7959173\sections\1_body\4_ethics_statement\1_p.xml,Ethical review and approval was not required for the study on human participants in accordance with the local legislation and institutional requirements. The patients/participants provided their written informed consent to participate in this study.,[],[],[],[],human participants
C:\Users\shweata\dictionary\ethics_statement_project\ethics_statement_frontiers_100\PMC7969973\sections\1_body\4_ethics_statement\1_p.xml,Written informed consent was obtained from the individual(s) for the publication of any potentially identifiable images or data included in this article.,[],[],[],[],informed consent
C:\Users\shweata\dictionary\ethics_statement_project\ethics_statement_frontiers_100\PMC7982648\sections\1_body\4_ethics_statement\1_p.xml,Authors obtained written informed consent from the patient's parents for the publication. Written informed consent was obtained from the minor(s)' legal guardian/next of kin for the publication of any potentially identifiable images or data included in this article.,[],[],[],[],informed consent
C:\Users\shweata\dictionary\ethics_statement_project\ethics_statement_frontiers_100\PMC7987664\sections\1_body\5_ethics_statement\1_p.xml,"The studies involving human participants were reviewed and approved by the Institutional Review Board for Human Studies of Second Affiliated Hospital of Zhejiang University School of Medicine (Hangzhou, China). The patients/participants provided their written informed consent to participate in this study. Written informed consent was obtained from the individual(s) for the publication of any potentially identifiable images or data included in this article.","[the Institutional Review Board for Human Studies, Zhejiang University School of Medicine, Hangzhou, China]","['ORG', 'ORG', 'GPE', 'GPE']","[71, 153, 193, 203]","[119, 191, 201, 208]",human participants
C:\Users\shweata\dictionary\ethics_statement_project\ethics_statement_frontiers_100\PMC7994513\sections\1_body\5_ethics_statement\1_p.xml,"This study was approved by the ethics committee of the West China Hospital, Sichuan University, and written informed consent was provided by the patient for publication of this case publication.","[the West China Hospital, Sichuan University]","['ORG', 'ORG']","[51, 76]","[74, 94]",ethics committee
C:\Users\shweata\dictionary\ethics_statement_project\ethics_statement_frontiers_100\PMC8005519\sections\1_body\1_methods\3_ethics_statement\1_p.xml,"The study was approved by the Regional Ethic Committee in Berne, Switzerland, and was carried out according to the recommendations of the Helsinki Declaration. All subjects and parents gave their written consent prior to any testing.","[the Regional Ethic Committee, Berne, Switzerland, the Helsinki Declaration]","['ORG', 'GPE', 'GPE', 'LAW']","[26, 58, 65, 134]","[54, 63, 76, 158]",written consent
C:\Users\shweata\dictionary\ethics_statement_project\ethics_statement_frontiers_100\PMC8005519\sections\1_body\5_ethics_statement\1_p.xml,The studies involving human participants were reviewed and approved by Kantonale Ethikkommission Kanton Bern. Written informed consent to participate in this study was provided by the participants' legal guardian/next of kin.,[Kantonale Ethikkommission Kanton Bern],['ORG'],[71],[108],human participants
C:\Users\shweata\dictionary\ethics_statement_project\ethics_statement_frontiers_100\PMC8011658\sections\1_body\5_ethics_statement\1_p.xml,Ethical review and approval was not required for the study on human participants in accordance with the local legislation and institutional requirements. The patients/participants provided their written informed consent to participate in this study. Written informed consent was obtained from the individual for the publication of any potentially identifiable images or data included in this article.,[],[],[],[],human participants
C:\Users\shweata\dictionary\ethics_statement_project\ethics_statement_frontiers_100\PMC8012510\sections\1_body\1_method\1_ethical_considerations\1_p.xml,"The study was approved by the ethical committee at the Pedagogical University of Krakow and by the school board of the special education center in which it was conducted. During school enrolment, the parents or primary caregivers of all the participants in the survey gave their written consent to receive an invitation to participate in scientific research. Detailed information about this study was given during telephone conversations and consent was obtained orally from the participants. The participants were informed that they could withdraw from the study at any time. The data was kept and used in accordance with the General Data Protection and Regulation Law in force (
 ","[the Pedagogical University of Krakow, the General Data Protection and Regulation Law]","['ORG', 'ORG']","[51, 623]","[87, 669]",ethical committee
C:\Users\shweata\dictionary\ethics_statement_project\ethics_statement_frontiers_100\PMC8012510\sections\1_body\5_ethics_statement\1_p.xml,"The studies involving human participants were reviewed and approved by Ethics Committee at the Institute of Psychology, Pedagogical University of Kraków. Written informed consent to participate in this study was provided by the participants' legal guardian/next of kin.","[Ethics Committee, the Institute of Psychology, Pedagogical University of Kraków]","['ORG', 'ORG']","[71, 91]","[87, 152]",human participants
C:\Users\shweata\dictionary\ethics_statement_project\ethics_statement_frontiers_100\PMC8017196\sections\1_body\4_ethics_statement\1_p.xml,The studies involving human participants were reviewed and approved by the Medical Ethics Committee of Xianyang Caihong Hospital. Written informed consent from the participants' legal guardian/next of kin was not required to participate in this study in accordance with the national legislation and the institutional requirements.,[the Medical Ethics Committee],['ORG'],[71],[99],human participants
C:\Users\shweata\dictionary\ethics_statement_project\ethics_statement_frontiers_100\PMC8019914\sections\1_body\5_ethics_statement\1_p.xml,The studies involving human participants were reviewed and approved by the Ethics Committee of the Zhejiang Cancer Hospital. Written informed consent for participation was not required for this study in accordance with the national legislation and the institutional requirements.,"[the Ethics Committee of, the Zhejiang Cancer Hospital]","['ORG', 'ORG']","[71, 95]","[94, 123]",human participants
C:\Users\shweata\dictionary\ethics_statement_project\ethics_statement_frontiers_100\PMC8020902\sections\1_body\6_ethics_statement\1_p.xml,The studies involving human participants were reviewed and approved by the ethics committee of the Affiliated Hospital of Xuzhou Medical University. The patients/participants provided their written informed consent to participate in this study.,"[the Affiliated Hospital of, Xuzhou Medical University]","['ORG', 'ORG']","[95, 122]","[121, 147]",ethics committee
C:\Users\shweata\dictionary\ethics_statement_project\ethics_statement_frontiers_100\PMC8023327\sections\1_body\4_ethics_statement\1_p.xml,The studies involving human participants were reviewed and approved by the ethics committee of the General Hospital of Central Theater Command. The patients/participants provided their written informed consent to participate in this study. Written informed consent was obtained from the individual(s) for the publication of any potentially identifiable images or data included in this article.,[the General Hospital of Central Theater Command],['ORG'],[95],[142],ethics committee
C:\Users\shweata\dictionary\ethics_statement_project\ethics_statement_frontiers_100\PMC8027102\sections\1_body\1_case_report\1_p.xml,"Written informed consent was obtained from the patient for the publication of any potentially identifiable images or data included in this article. The report was approved by the ethics committee of the First Affiliated Hospital, Zhejiang University School of Medicine (Approved number: IIT-2020-664).","[the First Affiliated Hospital,, Zhejiang University School of Medicine]","['ORG', 'ORG']","[199, 230]","[229, 268]",ethics committee
C:\Users\shweata\dictionary\ethics_statement_project\ethics_statement_frontiers_100\PMC8027102\sections\1_body\4_ethics_statement\1_p.xml,Written informed consent was obtained from the patient for the publication of any potentially identifiable images or data included in this article.,[],[],[],[],informed consent
C:\Users\shweata\dictionary\ethics_statement_project\ethics_statement_frontiers_100\PMC8027481\sections\1_body\5_ethics_statement\1_p.xml,The studies involving human participants were reviewed and approved by Ethics Committee of the Fourth Affiliated Hospital of Harbin Medical University. The patients/participants provided their written informed consent to participate in this study. Written informed consent was obtained from the individual(s) for the publication of any potentially identifiable images or data included in this article.,"[Ethics Committee, the Fourth Affiliated Hospital, Harbin Medical University]","['ORG', 'FAC', 'ORG']","[71, 91, 125]","[87, 121, 150]",human participants
C:\Users\shweata\dictionary\ethics_statement_project\ethics_statement_frontiers_100\PMC8032858\sections\1_body\5_ethics_statement\1_p.xml,The studies involving human participants were reviewed and approved by Bahrain National Covid-19 Taskforce Ethics Committee. The patients/participants provided their written informed consent to participate in this study.,"[Bahrain National, Taskforce Ethics Committee]","['ORG', 'ORG']","[71, 97]","[87, 123]",human participants
C:\Users\shweata\dictionary\ethics_statement_project\ethics_statement_frontiers_100\PMC8033151\sections\1_body\1_methods\1_patients\1_p.xml,"From January 2011 to December 2017, the current study enrolled 250 patients who would receive hepatectomy at the Department of Hepatobiliary Surgery, Inner Mongolia Xing'an Meng People's Hospital. Inclusion criteria contained the following: (1) partial or half hepatectomy (either right or left lobe); (2) hepatic function: Child-Pugh A or B; (3) physical status: American Society of Anaesthesiologists (ASA) I to III; and (4) no main concomitant operation, such as bowel, gastro, or bile duct resection. Exclusion criteria were the following: (1) unwillingness to participate; (2) hepatic function: Child–Pugh C; (3) physical status: ASA IV or V; or (4) involved the inferior vena cava or confluence of the hepatic vein. The study protocol was approved by the Ethics Committee of Inner Mongolia Xing'an Meng People's Hospital. All participants provided written informed consent. Clinical investigation was conducted according to the principles of the Declaration of Helsinki.","[January 2011, December 2017, 250, the Department of Hepatobiliary Surgery, Inner Mongolia, People's Hospital, 1, half, 2, 3, American Society of Anaesthesiologists, 4, 1, 2, 3, 4, the Ethics Committee of Inner Mongolia Xing'an, People's Hospital, the Declaration of Helsinki]","['DATE', 'DATE', 'CARDINAL', 'ORG', 'LOC', 'ORG', 'CARDINAL', 'CARDINAL', 'CARDINAL', 'CARDINAL', 'ORG', 'CARDINAL', 'CARDINAL', 'CARDINAL', 'CARDINAL', 'CARDINAL', 'ORG', 'ORG', 'WORK_OF_ART']","[5, 21, 63, 109, 150, 178, 242, 256, 303, 344, 364, 424, 545, 579, 615, 652, 757, 809, 948]","[17, 34, 66, 148, 164, 195, 243, 260, 304, 345, 402, 425, 546, 580, 616, 653, 803, 826, 975]",informed consent
C:\Users\shweata\dictionary\ethics_statement_project\ethics_statement_frontiers_100\PMC8033151\sections\1_body\6_ethics_statement\1_p.xml,The studies involving human participants were reviewed and approved by Ethics Committee of Inner Mongolia Xing'an Meng People's Hospital. The patients/participants provided their written informed consent to participate in this study.,"[Ethics Committee, People's Hospital]","['ORG', 'ORG']","[71, 119]","[87, 136]",human participants
C:\Users\shweata\dictionary\ethics_statement_project\ethics_statement_frontiers_100\PMC8042130\sections\1_body\1_materials_and_methods\10_statistical_analysis\1_p.xml,"Data distribution and normality will be assessed with Shapiro-Wilk test. Continuous variables will be presented as mean ± standard deviation or median (interquartile ranges), depending on their distribution. Categorical variables will be presented as number (percentages). All analyses will follow the intention-to-treat principle, which includes all participants after randomization and excludes the patients who drop out of the study due to withdrawal of informed consent or cancellation of surgery. The per-protocol analysis will be carried out as a sensitivity analysis, which includes all participants with planned interventions and minimal protocol violation. As we expect that the missing data will be uncommon in our dataset, there will be no plan for imputation of missing data.","[Shapiro-Wilk, ±]","['ORG', 'NORP']","[54, 120]","[66, 121]",informed consent
C:\Users\shweata\dictionary\ethics_statement_project\ethics_statement_frontiers_100\PMC8042130\sections\1_body\1_materials_and_methods\2_ethics_and_dissemination\1_p.xml,"The study protocol is approved by the Medical Ethics Committee of The First Affiliated Hospital of Soochow University (Approval No. 2020-077-1) and by the institutional ethics review board of each participating center. This study is registered at the Chinese Clinical Trials Registry on October 25, 2020 (
 ","[the Medical Ethics Committee, the Chinese Clinical Trials Registry, October 25, 2020]","['ORG', 'ORG', 'DATE']","[34, 247, 287]","[62, 283, 303]",ethics review
C:\Users\shweata\dictionary\ethics_statement_project\ethics_statement_frontiers_100\PMC8042130\sections\1_body\1_materials_and_methods\3_participants\1_p.xml,"At each study center, an independent preoperative investigator who is not involved in patient care or data management will screen patients' admission records to identify potentially qualified participants. Patients who meet the eligibility criteria and provide their written informed consent will be included in this study. According to the sample size estimation, a total of 2,036 eligible patients who plan to undergo non-cardiac surgical procedures will be randomly assigned, in a 1:1 ratio, to an ACEIs/ARBs continued group or an ACEIs/ARBs withheld group. Patients can withdraw their consent at any time during this study. The patient recruitment started on November 1, 2020. The expected date for completion of recruitment is December 2023. The flow chart of participants is shown in 
 ","[2,036, 1:1, November 1, 2020, December 2023]","['CARDINAL', 'CARDINAL', 'DATE', 'DATE']","[376, 484, 663, 732]","[381, 487, 679, 745]",informed consent
C:\Users\shweata\dictionary\ethics_statement_project\ethics_statement_frontiers_100\PMC8042130\sections\1_body\3_ethics_statement\1_p.xml,The studies involving human participants were reviewed and approved by Medical Ethics Committee of The First Affiliated Hospital of Soochow University. The patients/participants provided their written informed consent to participate in this study.,[Medical Ethics Committee],['ORG'],[71],[95],human participants
C:\Users\shweata\dictionary\ethics_statement_project\ethics_statement_frontiers_100\PMC8044422\sections\1_body\6_ethics_statement\1_p.xml,The ethics for this study was reviewed and approved by Tallaght University Hospital & St James's Hospital joint research ethics committee (2019-09 List 35(01)). Written informed consent to participate in this study was provided by the participants' legal guardian/next of kin.,"[Tallaght University Hospital & St, 2019-09]","['ORG', 'DATE']","[55, 139]","[88, 146]",ethics committee
C:\Users\shweata\dictionary\ethics_statement_project\ethics_statement_frontiers_100\PMC8044765\sections\1_body\4_ethics_statement\1_p.xml,"The studies involving human participants were reviewed and approved by the Medical Ethics Committee of the Third Affiliated Hospital of Sun Yat-sen University. Written informed consent to participate in this study was provided by the participants’ legal guardian/next of kin. Written informed consent was obtained from the participant’s next of kin for the publication of this case report, including any identifiable data or images included in this study.","[the Medical Ethics Committee, the Third Affiliated Hospital of Sun Yat-sen University]","['ORG', 'ORG']","[71, 103]","[99, 158]",human participants
C:\Users\shweata\dictionary\ethics_statement_project\ethics_statement_frontiers_100\PMC8060433\sections\1_body\8_ethics_statement\1_p.xml,"Human research was approved by the Ethics Committee of Chengdu Second People's Hospital. The authors certify that they have obtained all appropriate patient consent forms and patients provided consent, confirming that their clinical information could be reported in journal articles.",[the Ethics Committee of Chengdu Second People's Hospital],['ORG'],[31],[87],consent form
C:\Users\shweata\dictionary\ethics_statement_project\ethics_statement_frontiers_100\PMC8060638\sections\1_body\4_ethics_statement\1_p.xml,The studies involving human participants were reviewed and approved by The ethics committee of the Second Affiliated Hospital of Soochow University. The patients/participants provided their written informed consent to participate in this study.,[the Second Affiliated Hospital of Soochow University],['ORG'],[95],[147],ethics committee
C:\Users\shweata\dictionary\ethics_statement_project\ethics_statement_frontiers_100\PMC8062708\sections\1_body\5_ethics_statement\1_p.xml,The studies involving human participants were reviewed and approved by IMDEA Networks Ethics Committee. The patients/participants provided their written informed consent to participate in this study.,[IMDEA Networks Ethics Committee],['ORG'],[71],[102],human participants
C:\Users\shweata\dictionary\ethics_statement_project\ethics_statement_frontiers_100\PMC8062769\sections\1_body\5_ethics_statement\1_p.xml,The studies involving human participants were reviewed and approved by Royal Brisbane and Women's hospital human research ethics committee. The patients/participants provided their written informed consent to participate in this study.,[Royal Brisbane],['ORG'],[71],[85],ethics committee
C:\Users\shweata\dictionary\ethics_statement_project\ethics_statement_frontiers_100\PMC8076538\sections\1_body\5_ethics_statement\1_p.xml,The studies involving human participants were reviewed and approved by the ethics committee of Teikyo University School of Medicine (TR 20-078). The patients/participants provided their written informed consent to participate in this study.,[Teikyo University School of Medicine (TR],['ORG'],[95],[135],ethics committee
C:\Users\shweata\dictionary\ethics_statement_project\ethics_statement_frontiers_100\PMC8079727\sections\1_body\1_methods_and_materials\7_standard_protocol_approva\1_p.xml,"The study was performed in accordance with the Helsinki II Declaration. The study protocol, including the patient information and consent form, was approved by the local ethics committee of each participating institution (Leading ethics committee: Ethics committee of the Medical Faculty of the Ludwig Maximilians University, Munich, Germany; reference number: 17-477, and subsequently by the Ethics committee of AZ ST JAN, Brugge Oostende, Belgium, AV Ethics committee OG 065, BUN: 8049201835209 Int. Nr.2247, which required modifications of the protocol; date of final approval: May 17th, 2018). All participants gave written informed consent.","[the Helsinki II Declaration, the Medical Faculty of the Ludwig Maximilians University, Munich, Germany, 17, Ethics, AZ ST JAN, Brugge Oostende, Belgium, AV Ethics, Nr.2247, May 17th, 2018]","['ORG', 'ORG', 'GPE', 'GPE', 'CARDINAL', 'ORG', 'ORG', 'ORG', 'GPE', 'ORG', 'ORG', 'DATE']","[43, 268, 326, 334, 361, 393, 413, 424, 441, 450, 502, 581]","[70, 324, 332, 341, 363, 399, 422, 439, 448, 459, 509, 595]",consent form
C:\Users\shweata\dictionary\ethics_statement_project\ethics_statement_frontiers_100\PMC8079727\sections\1_body\2_data_availability_policy\1_p.xml,"Upon request, further data including the study protocol will be shared with other investigators for the purpose of replicating procedures and results. Unidentified participant data may not be shared for legal or ethical reasons. Data cannot be shared publicly because participants did not explicitly consent to the sharing of their data as per the European Union's General Data Protection Regulation and the corresponding German privacy laws. Data are available through the Research Ethics Board of Ludwig Maximilians University, Munich, Germany, for researchers who meet the criteria for access to confidential data.","[the European Union's, General Data Protection Regulation, German, the Research Ethics Board, Ludwig Maximilians University, Munich, Germany]","['ORG', 'ORG', 'NORP', 'ORG', 'ORG', 'GPE', 'GPE']","[344, 365, 422, 470, 499, 530, 538]","[364, 399, 428, 495, 528, 536, 545]",study protocol
C:\Users\shweata\dictionary\ethics_statement_project\ethics_statement_frontiers_100\PMC8079727\sections\1_body\8_ethics_statement\1_p.xml,"The studies involving human participants were reviewed and approved by Leading ethics committee: Ethics committee of the Medical Faculty of the Ludwig Maximilians University, Munich, Germany; reference number: 17-477 and subsequently by the Ethics committee of AZ ST JAN, Brugge Oostende, Belgium, AV Ethics committee OG 065, BUN: 8049201835209 Int. Nr.2247, which required modifications of the protocol; date of final approval: May 17th, 2018. The patients/participants provided their written informed consent to participate in this study. Written informed consent was obtained from the individual(s) for the publication of any potentially identifiable images or data included in this article.","[the Medical Faculty of the Ludwig Maximilians University, Munich, Germany, 17, Ethics, AZ ST JAN, Brugge Oostende, Belgium, AV Ethics, Nr.2247, May 17th, 2018]","['ORG', 'GPE', 'GPE', 'CARDINAL', 'ORG', 'ORG', 'ORG', 'GPE', 'ORG', 'ORG', 'DATE']","[117, 175, 183, 210, 241, 261, 272, 289, 298, 350, 429]","[173, 181, 190, 212, 247, 270, 287, 296, 307, 357, 443]",ethics committee
C:\Users\shweata\dictionary\ethics_statement_project\ethics_statement_frontiers_100\PMC8082418\sections\2_back\2_ethics_statement\1_p.xml,"The studies involving human participants were reviewed and approved by the Ethics Committee of 
 ","[the Ethics Committee of 
 ]",['ORG'],[71],[97],human participants
C:\Users\shweata\dictionary\ethics_statement_project\ethics_statement_frontiers_100\PMC8093509\sections\1_body\5_ethics_statement\1_p.xml,Ethical review and approval was not required for the study on human participants in accordance with the local legislation and institutional requirements. Written informed consent for participation was not required for this study in accordance with the national legislation and the institutional requirements. The REB at the University of Toronto deemed this project a Quality Improvement (QI) project not requiring formal REB review or approval. It is thus noted that any conclusions made based on this project were not gained through research but through a quality improvement project carried out in a local context.,[the University of Toronto],['ORG'],[320],[345],human participants
C:\Users\shweata\dictionary\ethics_statement_project\ethics_statement_frontiers_100\PMC8093792\sections\1_body\1_methods\1_study_design\1_p.xml,"This study was conducted on a monocentric cohort of patients included in 2 prospective studies, treated either for ruptured (Patients' Follow-up After Subarachnoid Hemorrhage Caused by Ruptured Intracranial Aneurysms - FUSAC -NCT02879175-) or unruptured intracranial aneurysms (Standardized Long-Term Follow-up of Patients After Endovascular Embolization of a Brain Aneurysm - ANENDOVASC -NCT02878967-) with FD. Our institutional ethics committee approved the two studies.","[2, Subarachnoid Hemorrhage Caused, Ruptured Intracranial Aneurysms - FUSAC, Standardized Long-Term Follow, Patients After Endovascular Embolization of a Brain Aneurysm - ANENDOVASC -NCT02878967-, FD, two]","['CARDINAL', 'PERSON', 'PERSON', 'ORG', 'ORG', 'ORG', 'CARDINAL']","[73, 151, 185, 278, 314, 408, 460]","[74, 181, 224, 307, 401, 410, 463]",ethics committee
C:\Users\shweata\dictionary\ethics_statement_project\ethics_statement_frontiers_100\PMC8093792\sections\1_body\5_ethics_statement\1_p.xml,The studies involving human participants were reviewed and approved by Comité de protection des personne Île de France III and Comité de protection des personne Île de France IV. Written informed consent for participation was not required for this study in accordance with the national legislation and the institutional requirements.,"[Comité de, Île de France III, Comité de, Île de France IV]","['ORG', 'ORG', 'ORG', 'ORG']","[71, 105, 127, 161]","[80, 122, 136, 177]",human participants
C:\Users\shweata\dictionary\ethics_statement_project\ethics_statement_frontiers_100\PMC8110698\sections\1_body\4_ethics_statement\1_p.xml,Written informed consent was obtained from the patient for the publication of any potentially identifiable images or data included in this article.,[],[],[],[],informed consent
C:\Users\shweata\dictionary\ethics_statement_project\ethics_statement_frontiers_100\PMC8112543\sections\1_body\2_results\3_appraisal_of_the_texts\1_p.xml,"The study participants were asked to appraise the text they had been given. The 
 ",[],[],[],[],study participants
C:\Users\shweata\dictionary\ethics_statement_project\ethics_statement_frontiers_100\PMC8112543\sections\1_body\4_limitations\1_p.xml,"This study faces several methodological limitations. First of all, the results are based on a small sample size. The sample lacked a denominator, so we were not able to calculate a response rate. It needs to be emphasized that all the information gathered is based on the self-reported judgement of the study participants themselves. The results should be interpreted with caution due to ceiling effects: the understandability of both texts was very high. Therefore, one cannot investigate the impact of different text styles on comprehensibility, which might affect knowledge and/or behavior. Future research in this area might assess the functional health literacy related to this topic. The ceiling effects might, therefore, have led to an underestimation of effects, particularly because—according to the self-reported appraisal—the humorous text was not judged to be equally as credible as the neutral text.",[First],['ORDINAL'],[53],[58],study participants
C:\Users\shweata\dictionary\ethics_statement_project\ethics_statement_frontiers_100\PMC8112543\sections\1_body\7_ethics_statement\1_p.xml,The studies involving human participants were reviewed and approved by Ethics committee of Bielefeld University. The patients/participants provided their written informed consent to participate in this study.,"[Ethics, Bielefeld University]","['ORG', 'ORG']","[71, 91]","[77, 111]",human participants
C:\Users\shweata\dictionary\ethics_statement_project\ethics_statement_frontiers_100\PMC8113621\sections\1_body\4_ethics_statement\1_p.xml,The studies involving human participants were reviewed and approved by the institutional ethics committee of Shandong Provincial Hospital affiliated to Shandong First Medical University. The patients/participants provided their written informed consent to participate in this study.,"[Shandong Provincial Hospital, Shandong First Medical University]","['ORG', 'ORG']","[109, 152]","[137, 185]",ethics committee
C:\Users\shweata\dictionary\ethics_statement_project\ethics_statement_frontiers_100\PMC8113621\sections\1_body\5_author_contributions\1_p.xml,"PC and BY designed and performed the study and wrote the paper. PY, JW, and FL collected and analyzed the data. DZ and HJ supervised the clinical research. HJ, BY, and JC revised the manuscript. All authors approved the final manuscript.","[DZ, HJ]","['ORG', 'PERSON']","[112, 119]","[114, 121]",clinical research
C:\Users\shweata\dictionary\ethics_statement_project\ethics_statement_frontiers_100\PMC8113695\sections\1_body\6_ethics_statement\1_p.xml,The studies involving human participants were reviewed and approved by the Medical Ethics Committee of the Xiangya Hospital and the Ethics Committee of the Third Affiliated Hospital of Soochow University. Written informed consent for participation was not required for this study in accordance with the national legislation and the institutional requirements.,"[the Medical Ethics Committee, the Xiangya Hospital, the Ethics Committee, the Third Affiliated Hospital of Soochow University]","['ORG', 'ORG', 'ORG', 'ORG']","[71, 103, 128, 152]","[99, 123, 148, 203]",human participants
C:\Users\shweata\dictionary\ethics_statement_project\ethics_statement_frontiers_100\PMC8116530\sections\1_body\4_ethics_statement\1_p.xml,The studies involving human participants were reviewed and approved by Fukuoka University Hospital Ethics Committee. The patients/participants provided their written informed consent to participate in this study. Written informed consent was obtained from the individual(s) for the publication of any potentially identifiable images or data included in this article.,[Fukuoka University Hospital Ethics Committee],['ORG'],[71],[115],human participants
C:\Users\shweata\dictionary\ethics_statement_project\ethics_statement_frontiers_100\PMC8116668\sections\1_body\6_ethics_statement\1_p.xml,"The studies involving human participants were reviewed and approved by Medical Ethics Committee of Huashan Hospital, Fudan University, Shanghai, China. The patients/participants provided their written informed consent to participate in this study.","[Medical Ethics Committee, Huashan Hospital, Fudan University, Shanghai, China]","['ORG', 'ORG', 'ORG', 'GPE', 'GPE']","[71, 99, 117, 135, 145]","[95, 115, 133, 143, 150]",human participants
C:\Users\shweata\dictionary\ethics_statement_project\ethics_statement_frontiers_100\PMC8116698\sections\1_body\6_ethics_statement\1_p.xml,The studies involving human participants were reviewed and approved by Ethics Committee of First Affiliatted Hospital of Dalian Medical University. Written informed consent for participation was not required for this study in accordance with the national legislation and the institutional requirements.,"[Ethics Committee, First Affiliatted Hospital of Dalian Medical University]","['ORG', 'ORG']","[71, 91]","[87, 146]",human participants
C:\Users\shweata\dictionary\ethics_statement_project\ethics_statement_frontiers_100\PMC8117937\sections\1_body\5_ethics_statement\1_p.xml,"The studies involving human participants were reviewed and approved by Medical Ethics Committee of our hospital. The patients/participants provided their written informed consent to participate in this study. The animal study was reviewed and approved by Ethics Committee of Xiangya Hospital, Central South University.","[Medical Ethics Committee, Ethics Committee, Xiangya Hospital, Central South University]","['ORG', 'ORG', 'ORG', 'ORG']","[71, 255, 275, 293]","[95, 271, 291, 317]",human participants
C:\Users\shweata\dictionary\ethics_statement_project\ethics_statement_frontiers_100\PMC8119626\sections\1_body\5_ethics_statement\1_p.xml,The studies involving human participants were reviewed and approved by Institutional Review Board Ethics Committee. Written informed consent to participate in this study was provided by the participants' legal guardian/next of kin.,[Institutional Review Board Ethics Committee],['ORG'],[71],[114],human participants
C:\Users\shweata\dictionary\ethics_statement_project\ethics_statement_frontiers_100\PMC8119993\sections\1_body\6_ethics_statement\1_p.xml,Ethical review and approval was not required for the study on human participants in accordance with the local legislation and institutional requirements. The patients/participants provided their written informed consent to participate in this study.,[],[],[],[],human participants
C:\Users\shweata\dictionary\ethics_statement_project\ethics_statement_frontiers_100\PMC8126616\sections\1_body\5_ethics_statement\1_p.xml,Written informed consent was obtained from the individual(s) for the publication of any potentially identifiable images or data included in this article.,[],[],[],[],informed consent
C:\Users\shweata\dictionary\ethics_statement_project\ethics_statement_frontiers_100\PMC8129492\sections\1_body\1_materials_and_methods\1_p.xml,"The study was conducted in accordance with the Declaration of Helsinki and approved by the local ethics committee (227-15). All patients gave written informed consent. The results of the study were presented in preliminary format at the International Headache Conference 2017 (
 ","[the Declaration of Helsinki, 227, the International Headache Conference, 2017]","['WORK_OF_ART', 'CARDINAL', 'ORG', 'DATE']","[43, 115, 233, 271]","[70, 118, 270, 275]",ethics committee
C:\Users\shweata\dictionary\ethics_statement_project\ethics_statement_frontiers_100\PMC8129492\sections\1_body\7_ethics_statement\1_p.xml,The studies involving human participants were reviewed and approved by Ludwig Maximilians University Munich (227-15). The patients/participants provided their written informed consent to participate in this study.,"[Ludwig Maximilians University Munich, 227]","['ORG', 'CARDINAL']","[71, 109]","[107, 112]",human participants
C:\Users\shweata\dictionary\ethics_statement_project\ethics_statement_frontiers_100\PMC8129497\sections\1_body\2_methods\1_study_design_and_ethics_a\1_p.xml,"The ethics committee at Seirei Hamamatsu General Hospital, Japan, approved the protocol for this retrospective study (approval no. 3578), which was performed in accordance with the principles of the Declaration of Helsinki. Subjects in this study were identified from a review of the electronic medical records for patients who had undergone epilepsy surgery between February 2019 and February 2021 in the Comprehensive Epilepsy Center at Seirei Hamamatsu General Hospital.","[Seirei Hamamatsu General Hospital, Japan, the Declaration of Helsinki, February 2019, February 2021, Seirei Hamamatsu General Hospital]","['ORG', 'GPE', 'WORK_OF_ART', 'DATE', 'DATE', 'ORG']","[24, 59, 195, 367, 385, 439]","[57, 64, 222, 380, 398, 472]",ethics committee
C:\Users\shweata\dictionary\ethics_statement_project\ethics_statement_frontiers_100\PMC8129497\sections\1_body\7_ethics_statement\1_p.xml,The studies involving human participants were reviewed and approved by The ethics committee of Seirei Hamamatsu General Hospital. The patients/participants provided their written informed consent to participate in this study.,[Seirei Hamamatsu General Hospital],['ORG'],[95],[128],ethics committee
C:\Users\shweata\dictionary\ethics_statement_project\ethics_statement_frontiers_100\PMC8129560\sections\1_body\1_methods_and_materials\4_study_approval\1_p.xml,This study was approved by the local ethics committee of the authors' institution.,[],[],[],[],ethics committee
C:\Users\shweata\dictionary\ethics_statement_project\ethics_statement_frontiers_100\PMC8129560\sections\1_body\6_ethics_statement\1_p.xml,The studies involving human participants were reviewed and approved by Local ethics committee Goethe University. The patients/participants provided their written informed consent to participate in this study.,[Goethe University],['ORG'],[94],[111],ethics committee
C:\Users\shweata\dictionary\ethics_statement_project\ethics_statement_frontiers_100\PMC8131528\sections\1_body\4_ethics_statement\1_p.xml,The studies involving human participants were reviewed and approved by the Medical Ethics Committee of Xiangya Hospital Central South University. The patients/participants provided in review their written informed consent to participate in this study. Written informed consent was obtained from the individual(s) for the publication of any potentially identifiable images or data included in this article.,"[the Medical Ethics Committee, Xiangya Hospital Central South University]","['ORG', 'ORG']","[71, 103]","[99, 144]",human participants
C:\Users\shweata\dictionary\ethics_statement_project\ethics_statement_frontiers_100\PMC8131682\sections\1_body\6_ethics_statement\1_p.xml,"Written informed consent was obtained from the individual (s), and minor (s)' legal guardian/next of kin, for the publication of any potentially identifiable images or data included in this article.",[],[],[],[],informed consent
C:\Users\shweata\dictionary\ethics_statement_project\ethics_statement_frontiers_100\PMC8134681\sections\1_body\4_ethics_statement\1_p.xml,The studies involving human participants were reviewed and approved by CHFU Ethics Committee. Written informed consent to participate in this study was provided by the participants' legal guardian/next of kin. Written informed consent was obtained from the minor(s)' legal guardian/next of kin for the publication of any potentially identifiable images or data included in this article.,[CHFU Ethics Committee],['ORG'],[71],[92],human participants
C:\Users\shweata\dictionary\ethics_statement_project\ethics_statement_frontiers_100\PMC8138036\sections\1_body\2_methods\6_ethical_consideration\1_p.xml,"Prior to conducting the study, ethical approval was obtained from the institutional review board of Jordan University of Science and Technology. In order to maintain their privacy, the participants were informed that the interviews would be recorded, and each participant was able to choose a convenient location for the interview to be held through Zoom. Since the interviews were held 
 ","[Jordan University of Science and Technology, Zoom]","['ORG', 'GPE']","[100, 350]","[143, 354]",ethical approval
C:\Users\shweata\dictionary\ethics_statement_project\ethics_statement_frontiers_100\PMC8138036\sections\1_body\5_conclusion\1_p.xml,"Healthcare providers, including nurses, play a significant role during pandemics and other emergencies in facilitating the provision of healthcare and reducing the damage caused by such disasters. Sympathy has been indicated as a nursing ethical value with traits of understanding the needs of patients and their families and providing care based on moral and ethical standards. The standards of practice and ethical codes to be followed by nurses in the provision of healthcare during pandemics or disasters are specified by current laws and agreements. Working in the healthcare sector entails that nurses should think about their ethical responsibilities, challenging duties, and professional and personal values prior to the occurrence of emergencies.",[Healthcare],['ORG'],[0],[10],ethical standards
C:\Users\shweata\dictionary\ethics_statement_project\ethics_statement_frontiers_100\PMC8138036\sections\1_body\7_ethics_statement\1_p.xml,The studies involving human participants were reviewed and approved by This Study was conducted after obtaining the approval of the Institutional Review Board at the Jordan University of Science and Technology. Written informed consent for participation was not required for this study in accordance with the national legislation and the institutional requirements.,"[the Institutional Review Board, the Jordan University of Science and Technology]","['ORG', 'ORG']","[128, 162]","[158, 209]",human participants
C:\Users\shweata\dictionary\ethics_statement_project\ethics_statement_frontiers_100\PMC8138428\sections\1_body\4_ethics_statement\1_p.xml,The studies involving human participants were reviewed and approved by Tangdu hospital ethics committee. The patients/participants provided their written informed consent to participate in this study. Written informed consent was obtained from the individual(s) for the publication of any potentially identifiable images or data included in this article.,[Tangdu],['GPE'],[71],[77],ethics committee
C:\Users\shweata\dictionary\ethics_statement_project\ethics_statement_frontiers_100\PMC8141585\sections\1_body\1_materials_and_methods\5_procedure\1_p.xml,"After reading the online consent form and agreeing to participate in the study, the participants were familiarized with the two tasks in a counterbalanced order. The participants performed eight trials of both the choice-RT task and the Simon task. Then, the online software randomized the participants to the three experimental groups. Participants in all three groups practiced eight blocks of 20 trials from each task – a total of 180 trials for each task. They completed all eight blocks of one task before continuing to the second task, but the order of tasks was counterbalanced. The only difference between the groups was the administered attentional focus instructions.","[two, eight, three, three, eight, 20, 180, all eight, one, second]","['CARDINAL', 'CARDINAL', 'CARDINAL', 'CARDINAL', 'CARDINAL', 'CARDINAL', 'CARDINAL', 'CARDINAL', 'CARDINAL', 'ORDINAL']","[124, 189, 310, 357, 380, 396, 434, 475, 495, 529]","[127, 194, 315, 362, 385, 398, 437, 484, 498, 535]",consent form
C:\Users\shweata\dictionary\ethics_statement_project\ethics_statement_frontiers_100\PMC8141585\sections\1_body\6_ethics_statement\1_p.xml,The study involving human participants was reviewed and approved by the Ethics Committee of the Academic College at Wingate. Written informed consent was not provided because this was an online study. Participants filled an electronic informed consent as was approved by the Ethics Committee and as written in the manuscript.,"[the Ethics Committee of the Academic College, the Ethics Committee]","['ORG', 'ORG']","[68, 271]","[112, 291]",human participants
C:\Users\shweata\dictionary\ethics_statement_project\ethics_statement_frontiers_100\PMC8141860\sections\1_body\5_ethics_statement\1_p.xml,The studies involving human participants were reviewed and approved by Instituto Investigación Sanitaria Gregorio Marañón. Written informed consent to participate in this study was provided by the participants' legal guardian/next of kin. Written informed consent was obtained from the minor(s)' legal guardian/next of kin for the publication of any potentially identifiable images or data included in this article.,"[Instituto Investigación Sanitaria, Gregorio Marañón]","['ORG', 'PERSON']","[71, 105]","[104, 121]",human participants
C:\Users\shweata\dictionary\ethics_statement_project\ethics_statement_frontiers_100\PMC8144287\sections\1_body\1_methods\1_p.xml,"This is a single center snapshot study of the first 27 consecutive patients who presented with chest pain or ACS and underwent CCT evaluation at the Cardiac Center of King Fahd Armed Forces Hospital (KFAFH) after the lockdown in the city of Jeddah (March 23, 2020). Research and ethics committee approval was obtained prior to the data collection. Total CCT studies, patient disposition and healthcare personnels' infection rates were prospectively collected from the center's key performance indicator database, infection control database and employee health records. All baseline characteristics, assigned strategy, outcome and COVID19 status were obtained from the patients' electronic medical record.","[first, 27, ACS, CCT, the Cardiac Center of King Fahd Armed Forces Hospital, KFAFH, Jeddah, March 23, 2020, CCT]","['ORDINAL', 'CARDINAL', 'ORG', 'ORG', 'FAC', 'ORG', 'GPE', 'DATE', 'ORG']","[46, 52, 109, 127, 145, 200, 241, 249, 354]","[51, 54, 112, 130, 198, 205, 247, 263, 357]",ethics committee
C:\Users\shweata\dictionary\ethics_statement_project\ethics_statement_frontiers_100\PMC8144287\sections\1_body\6_ethics_statement\1_p.xml,The studies involving human participants were reviewed and approved by Ethics Committee of King Fahd Armed Forces Hospital. Written informed consent for participation was not required for this study in accordance with the national legislation and the institutional requirements.,[Ethics Committee of King Fahd Armed Forces Hospital],['ORG'],[71],[122],human participants
C:\Users\shweata\dictionary\ethics_statement_project\ethics_statement_frontiers_100\PMC8144291\sections\1_body\4_ethics_statement\1_p.xml,Ethical review and approval was not required for the study on human participants in accordance with the local legislation and institutional requirements. The patient/participant of this study provided her written informed consent for the analysis and publication of any her potentially identifiable images or data.,[],[],[],[],human participants
C:\Users\shweata\dictionary\ethics_statement_project\ethics_statement_frontiers_100\PMC8144523\sections\1_body\5_ethics_statement\1_p.xml,Studies involving human participants were reviewed and approved by the Ethics Committee of the First Affiliated Hospital of Zhengzhou University of Henan Province. The patients/participants provided their written informed consent to participate in this study. Written informed consent was obtained from the individual(s) for the publication of any potentially identifiable images or data included in this article.,"[the Ethics Committee, the First Affiliated Hospital of Zhengzhou University of Henan Province]","['ORG', 'ORG']","[67, 91]","[87, 162]",human participants
C:\Users\shweata\dictionary\ethics_statement_project\ethics_statement_frontiers_100\PMC8149731\sections\1_body\4_ethics_statement\1_p.xml,Ethical review and approval was not required for the study on human participants in accordance with the local legislation and institutional requirements. The patients/participants provided their written informed consent to participate in this study. Written informed consent was obtained from the individual(s) for the publication of any potentially identifiable images or data included in this article.,[],[],[],[],human participants
C:\Users\shweata\dictionary\ethics_statement_project\ethics_statement_frontiers_100\PMC8149743\sections\1_body\4_ethics_statement\1_p.xml,The studies involving human participants were reviewed and approved by The Institutional Ethics Committee of the First Affiliated Hospital of Zhejiang University School of Medicine. The patients/participants provided their written informed consent to participate in this study.,"[The Institutional Ethics Committee, the First Affiliated Hospital of Zhejiang University School of Medicine]","['ORG', 'ORG']","[71, 109]","[105, 180]",human participants
C:\Users\shweata\dictionary\ethics_statement_project\ethics_statement_frontiers_100\PMC8155348\sections\1_body\1_methods\1_p.xml,"To address this issue, we measured plasma levels of 25(OH)D, testosterone and 17β-estradiol from 160 adult patients (80 females and 80 males divided in four subgroups: A, 40 pre-menopausal females under 45 years; B, 40 males under 45 years; C, 40 post-menopausal females over 55 years; D, 40 males over 55 years) admitted to Lazzaro Spallanzani Hospital, Rome, Italy between March and September 2020, positive for SARS-CoV-2 by RT–PCR from nasopharyngeal swabs, and able to provide informed consent. Plasma samples were collected at clinical admission. Partial pressure of oxygen/inspired oxygen concentration ratio (PaO2/FiO2 ratio), representing a valuable clinical measure of the patient’s respiratory status, were recorded during clinical admission. ELISA kits for 25(OH)D (MyBioSource, San Diego, CA, United States) testosterone (R&D Systems, Minneapolis, MN, United States) and 17β-estradiol (Abcam, Cambridge, United Kingdom) were used according to manufactures’ instructions. Statistical analysis was performed by the Mann–Whitney 
 ","[25(OH)D, 17β-estradiol, 160, 80, 80 males, four, 40, 45 years, 40, 45 years, 40, 55 years, 40, 55 years, Lazzaro Spallanzani Hospital, Rome, Italy, between March and September 2020, RT, Plasma, 25(OH)D, San Diego, United States, Systems, Minneapolis, MN, United States, 17β-estradiol, Abcam, Cambridge, United Kingdom, Mann]","['DATE', 'QUANTITY', 'CARDINAL', 'CARDINAL', 'QUANTITY', 'CARDINAL', 'CARDINAL', 'DATE', 'CARDINAL', 'DATE', 'CARDINAL', 'DATE', 'CARDINAL', 'DATE', 'ORG', 'GPE', 'GPE', 'DATE', 'ORG', 'GPE', 'DATE', 'GPE', 'GPE', 'GPE', 'GPE', 'ORG', 'GPE', 'QUANTITY', 'GPE', 'GPE', 'GPE', 'ORG']","[52, 78, 97, 117, 132, 152, 171, 203, 216, 231, 244, 276, 289, 303, 325, 355, 361, 367, 428, 500, 769, 791, 806, 839, 848, 861, 865, 884, 899, 906, 917, 1026]","[59, 91, 100, 119, 140, 156, 173, 211, 218, 239, 246, 284, 291, 311, 353, 359, 366, 399, 430, 506, 776, 800, 819, 846, 859, 863, 878, 897, 904, 915, 931, 1030]",informed consent
C:\Users\shweata\dictionary\ethics_statement_project\ethics_statement_frontiers_100\PMC8155348\sections\2_back\2_ethics_statement\1_p.xml,"The studies involving human participants were reviewed and approved by National Institute for Infectious Diseases, Lazzaro Spallanzani, IRCCS, Rome, Italy. The patients/participants provided their written informed consent to participate in this study.","[National Institute for Infectious Diseases, Lazzaro Spallanzani, IRCCS, Rome, Italy]","['ORG', 'PERSON', 'GPE', 'GPE', 'GPE']","[71, 115, 136, 143, 149]","[113, 134, 141, 147, 154]",human participants
C:\Users\shweata\dictionary\ethics_statement_project\ethics_statement_frontiers_100\PMC8155492\sections\2_back\1_ethics_statement\1_p.xml,"The studies involving human participants were reviewed and approved by the Institutional Review Board, Office of Research at Utah State University. The patients/participants provided their written informed consent to participate in this study.","[the Institutional Review Board, Office of Research, Utah State University]","['ORG', 'ORG']","[71, 125]","[121, 146]",human participants
C:\Users\shweata\dictionary\ethics_statement_project\ethics_statement_frontiers_100\PMC8160119\sections\1_body\5_ethics_statement\1_p.xml,The studies involving human participants were reviewed and approved by the University of Tennessee Health Science Center. Written informed consent for participation was not required for this study in accordance with the national legislation and the institutional requirements.,[the University of Tennessee Health Science Center],['ORG'],[71],[120],human participants
C:\Users\shweata\dictionary\ethics_statement_project\ethics_statement_frontiers_100\PMC8160237\sections\1_body\5_ethics_statement\1_p.xml,"Informed consent was obtained from 33 patients attending the new program, which was approved by the ethics committee of Oita University Faculty of Medicine, and the alternative opt-out method was applied to 44 patients attending the old program, which was approved by the ethics committee of Oita Okanoue Hospital.","[33, Oita University Faculty of Medicine, 44, Oita Okanoue Hospital]","['CARDINAL', 'ORG', 'CARDINAL', 'ORG']","[35, 120, 207, 292]","[37, 155, 209, 313]",ethics committee
C:\Users\shweata\dictionary\ethics_statement_project\ethics_statement_frontiers_100\PMC8160241\sections\1_body\4_ethics_statement\1_p.xml,Written informed consent was obtained from the individual for the publication of any potentially identifiable images or data included in this article.,[],[],[],[],informed consent
C:\Users\shweata\dictionary\ethics_statement_project\ethics_statement_frontiers_100\PMC8160429\sections\1_body\5_ethics_statement\1_p.xml,Ethical review and approval was not required for the study on human participants in accordance with the local legislation and institutional requirements. Written informed consent to participate in this study was provided by the participants' legal guardian.,[],[],[],[],human participants
C:\Users\shweata\dictionary\ethics_statement_project\ethics_statement_frontiers_100\PMC8160441\sections\2_back\1_ethics_statement\1_p.xml,Written informed consent was obtained from the individual(s) for the publication of any potentially identifiable images or data included in this article.,[],[],[],[],informed consent
C:\Users\shweata\dictionary\ethics_statement_project\ethics_statement_frontiers_100\PMC8160445\sections\1_body\1_methods\1_p.xml,"This retrospective single-center comparative study was approved by the Ethics Committee of the First Affiliated Hospital of Chongqing Medical University (No: 2017-067). Written informed consent to participate in this study was obtained for all the participants before their data were stored and used for research. This work has been reported in line with the STROCSS criteria (
 ","[the Ethics Committee, the First Affiliated Hospital of Chongqing Medical University (, STROCSS]","['ORG', 'ORG', 'ORG']","[67, 91, 359]","[87, 154, 366]",informed consent
C:\Users\shweata\dictionary\ethics_statement_project\ethics_statement_frontiers_100\PMC8160445\sections\1_body\6_ethics_statement\1_p.xml,The studies involving human participants were reviewed and approved by the Ethics Committee of the First Affiliated Hospital of Chongqing Medical University. Written informed consent to participate in this study was provided by the participants' legal guardian/next of kin.,"[the Ethics Committee, the First Affiliated Hospital of Chongqing Medical University]","['ORG', 'ORG']","[71, 95]","[91, 156]",human participants
C:\Users\shweata\dictionary\ethics_statement_project\ethics_statement_frontiers_100\PMC8170017\sections\1_body\1_methods\3_ethical_considerations\1_p.xml,"This study was approved by the Ethics Committee of Taipei Hospital, Ministry of Health and Welfare (TH-IRB-0021-0001). All procedures performed were in accordance with the ethical standards of the Ethics Committee of Taipei Hospital, Ministry of Health and Welfare and with the 1964 Helsinki declaration and its later amendments or comparable ethical standards.","[the Ethics Committee of Taipei Hospital, Ministry of Health and Welfare, TH-IRB-0021-0001, the Ethics Committee of Taipei Hospital, Ministry of Health and Welfare, 1964, Helsinki]","['ORG', 'ORG', 'ORG', 'ORG', 'ORG', 'DATE', 'ORG']","[27, 68, 100, 193, 234, 278, 283]","[66, 98, 116, 232, 264, 282, 291]",ethical standards
C:\Users\shweata\dictionary\ethics_statement_project\ethics_statement_frontiers_100\PMC8170017\sections\1_body\6_ethics_statement\1_p.xml,"The ‘‘Sailing through Adolescence'' course was approved by the ‘‘Committee of School Curriculum Development'' of all participating schools, and was supervised by the teachers. The studies involving human participants were reviewed and approved by Ethics Committee of Taipei Hospital, Ministry of Health and Welfare (TH-IRB-0021-0001) in accordance with the national legislation and the institutional requirements.","[the ‘‘Committee of School Curriculum Development'', Ethics Committee, Taipei Hospital, Ministry of Health and Welfare, TH-IRB-0021-0001]","['EVENT', 'ORG', 'ORG', 'ORG', 'ORG']","[59, 247, 267, 284, 316]","[109, 263, 282, 314, 332]",human participants
C:\Users\shweata\dictionary\ethics_statement_project\ethics_statement_frontiers_100\PMC8170022\sections\1_body\3_ethics_statement\1_p.xml,The studies involving human participants were reviewed and approved by Penn State Office for Research Protections. The patients/participants provided their written informed consent to participate in this study.,[Penn State Office for Research Protections],['ORG'],[71],[113],human participants
C:\Users\shweata\dictionary\ethics_statement_project\ethics_statement_frontiers_100\PMC8170025\sections\1_body\5_ethics_statement\1_p.xml,This study was carried out in accordance with recommendations of the Research Ethics Committee of Renmin University of China with written informed consent from all subjects. All subjects gave written informed consent in accordance with the Declaration of Helsinki. The protocol was approved by the Research Ethics Committee of Renmin University of China.,"[the Research Ethics Committee, Renmin University of China, the Declaration of Helsinki, the Research Ethics Committee, Renmin University of China]","['ORG', 'ORG', 'WORK_OF_ART', 'ORG', 'ORG']","[65, 98, 236, 294, 327]","[94, 124, 263, 323, 353]",informed consent
C:\Users\shweata\dictionary\ethics_statement_project\ethics_statement_frontiers_100\PMC8170408\sections\1_body\1_materials_and_methods\1_study_population\1_p.xml,"A total of 976 PTC patients who received primary total thyroidectomy with central lymph node dissection treatment in the Department of General Surgery at Guangdong General Hospital between October 2017 to September 2019 were reviewed retrospectively in this study. The study was approved by Research Ethics Committee of Guangdong Provincial People’s Hospital, Guangdong Academy of Medical Sciences. All patients gave their informed consent to the collection of data according to the local ethic committee indications. Ultrasound examination (US) was routinely performed to assess the thyroid and lymph node status in all these patients. Computed tomography scan (CT) and positron emission tomography-computed tomography (PET-CT) were used only in some patients as needed. Patients were diagnosed PTC with LNM by pathological examination in the Pathology Department. LNM was defined as preoperatively cN1 with following signs in preoperative ultrasound examination: the ration of transverse/long diameter in cervical lymph node >0.5, blurred corticomedullary boundary, vanished medulla structure, microcalcification or cystic changes (
 ","[976, the Department of General Surgery, Guangdong General Hospital, between October 2017 to September 2019, Research Ethics Committee, Guangdong Provincial People’s Hospital, Guangdong Academy of Medical Sciences, US, PET-CT, LNM, the Pathology Department, LNM, cN1, 0.5]","['CARDINAL', 'ORG', 'ORG', 'DATE', 'ORG', 'ORG', 'ORG', 'GPE', 'ORG', 'ORG', 'ORG', 'ORG', 'GPE', 'CARDINAL']","[11, 117, 154, 181, 291, 320, 360, 542, 721, 805, 840, 866, 900, 1028]","[14, 150, 180, 219, 316, 358, 397, 544, 727, 808, 864, 869, 903, 1031]",ethic committe
C:\Users\shweata\dictionary\ethics_statement_project\ethics_statement_frontiers_100\PMC8170408\sections\1_body\6_ethics_statement\1_p.xml,"The study was approved by Research Ethics Committee of Guangdong Provincial People’s Hospital, Guangdong Academy of Medical Sciences. All patients gave their informed consent to the collection of data according to the local ethics committee’s indications.","[Research Ethics Committee, Guangdong Provincial People’s Hospital, Guangdong Academy of Medical Sciences]","['ORG', 'ORG', 'ORG']","[26, 55, 95]","[51, 93, 132]",ethics committee
C:\Users\shweata\dictionary\ethics_statement_project\ethics_statement_frontiers_100\PMC8170463\sections\1_body\1_materials_and_methods\3_procedure\1_p.xml,"Participants were invited to download the app voluntarily as a personal mental health support tool from GooglePlay or the iOS App Store, and complete daily reports for a duration of their own choosing. Explanatory statements and consent forms were presented electronically through the app. If the reported date of birth was less than 18 years, an additional consent form for minors was presented, with checks for parental consent. Participants provided consent electronically by pressing an on-screen button indicating that they have read the explanatory statement and consent forms and agree to participate. Participants were also informed of incentives built into the research design, which included additional feedback on positive and negative mood functioning (unlocked after 1 and 2 weeks, respectively), and gaining entries into a prize draw for two cash vouchers ($50AUD).","[GooglePlay, the iOS App Store, daily, less than 18 years, 1 and 2 weeks, two, 50AUD]","['ORG', 'ORG', 'DATE', 'DATE', 'DATE', 'CARDINAL', 'MONEY']","[104, 118, 150, 324, 780, 852, 872]","[114, 135, 155, 342, 793, 855, 877]",consent form
C:\Users\shweata\dictionary\ethics_statement_project\ethics_statement_frontiers_100\PMC8170463\sections\1_body\5_ethics_statement\1_p.xml,The studies involving human participants were reviewed and approved by Monash University Human Research Ethics Committee. Written informed consent to participate in this study was provided by the participants’ legal guardian/next of kin.,[Monash University Human Research Ethics Committee],['ORG'],[71],[120],human participants
C:\Users\shweata\dictionary\ethics_statement_project\ethics_statement_frontiers_100\PMC8172783\sections\1_body\1_methodology\1_participants_and_procedur\1_p.xml,"Screening and evaluation of 957 older people living in Yinhang Street Community, Yangpu District, Shanghai was performed from November 1 to December 4, 2019. In the current research, we adopted random sampling methods to obtain the sample. The survey was conducted during a routine check-up, which is a well-fare provided by the local government. Among all the participants, there are 407 of them completed the questionnaires (141 from intergenerational family and 266 from non-intergenerational family). The participants were required to be over 55 years old, have normal vision (naked eye or redness), and have the ability to communicate. Informed consent was obtained from them prior to their participation in the survey. The exclusion criteria included having a history of major physical illness, particularly those that may be associated with alterations in brain tissues, as well as abnormalities in the nervous system, including major head traumas (loss of consciousness lasting over 5 min), epilepsy, cerebrovascular diseases, brain tumors, and neurodegenerative diseases. The study protocol was approved by the Ethics Committee of the Shanghai Mental Health Center subsequent to the initiation of the research.","[957, Yinhang Street Community, Yangpu District, Shanghai, November 1 to December 4, 2019, 407, 141, 266, 55 years old, the Ethics Committee, the Shanghai Mental Health Center]","['CARDINAL', 'ORG', 'GPE', 'GPE', 'DATE', 'CARDINAL', 'CARDINAL', 'CARDINAL', 'DATE', 'ORG', 'ORG']","[28, 55, 81, 98, 126, 385, 427, 465, 547, 1116, 1140]","[31, 79, 96, 106, 156, 388, 430, 468, 559, 1136, 1173]",study protocol
C:\Users\shweata\dictionary\ethics_statement_project\ethics_statement_frontiers_100\PMC8172783\sections\1_body\5_ethics_statement\1_p.xml,The studies involving human participants were reviewed and approved by Ethics committee of Dalian No. 7 People's Hospital. The patients/participants provided their written informed consent to participate in this study.,"[Ethics, Dalian]","['ORG', 'GPE']","[71, 91]","[77, 97]",human participants
C:\Users\shweata\dictionary\ethics_statement_project\ethics_statement_frontiers_100\PMC8172793\sections\1_body\5_ethics_statement\1_p.xml,Ethical review and approval was not required for the study on human participants in accordance with the local legislation and institutional requirements. The patients/participants provided their written informed consent to participate in this study.,[],[],[],[],human participants
C:\Users\shweata\dictionary\ethics_statement_project\ethics_statement_frontiers_100\PMC8173211\sections\1_body\12_ethics_statement\1_p.xml,Ethical review and approval was not required for the study on human participants in accordance with the local legislation and institutional requirements. The patient provided written consent for all parts of surgery. Written informed consent was obtained from the individual(s) for the publication of any potentially identifiable images or data included in this article.,[],[],[],[],human participants
C:\Users\shweata\dictionary\ethics_statement_project\ethics_statement_frontiers_100\PMC8173221\sections\1_body\5_ethics_statement\1_p.xml,The studies involving human participants were reviewed and approved by Ethics committee of Northeast International Hospital. The patients/participants provided their written informed consent to participate in this study. Written informed consent was obtained from the individual(s) for the publication of any potentially identifiable images or data included in this article.,"[Ethics, Northeast International Hospital]","['ORG', 'ORG']","[71, 91]","[77, 123]",human participants
C:\Users\shweata\dictionary\ethics_statement_project\ethics_statement_frontiers_100\PMC8174658\sections\1_body\10_ethics_statement\1_p.xml,Ethical review and approval was not required for the study on human participants in accordance with the local legislation and institutional requirements. The patients/participants provided their written informed consent to participate in this study.,[],[],[],[],human participants
C:\Users\shweata\dictionary\ethics_statement_project\ethics_statement_frontiers_100\PMC8175369\sections\1_body\6_ethics_statement\1_p.xml,Ethical review and approval was not required for the study on human participants in accordance with the local legislation and institutional requirements. Written informed consent for participation was not required for this study in accordance with the national legislation and the institutional requirements.,[],[],[],[],human participants
C:\Users\shweata\dictionary\ethics_statement_project\ethics_statement_frontiers_100\PMC8175848\sections\1_body\6_ethics_statement\1_p.xml,The studies involving human participants were reviewed and approved by Shanghai Tongji Hospital Ethics Committee. Written informed consent to participate in this study was provided by the participants' legal guardian/next of kin.,[Shanghai Tongji Hospital Ethics Committee],['ORG'],[71],[112],human participants
C:\Users\shweata\dictionary\ethics_statement_project\ethics_statement_frontiers_100\PMC8175891\sections\1_body\1_materials_and_methods\3_procedure\1_p.xml,"Each tested player agreed to participate in the research after getting acquainted with the information on the objectives and principles of carrying out, expected effects, and possible benefits for the study participants. The respondents also familiarized themselves with the risk associated with undergoing the study, indicating the mode and possibility of withdrawing from participation in the study at each stage. Moreover, the respondents were informed that they had the possibility to ask questions and obtain answers to them. All respondents consented to the use of the results of the NEO-FFI research, but did not consent to the use of data that would compromise their anonymity. Competitors have this stipulated in their contracts. The respondents had 1 h to respond to the statements of the NEO-FFI personality questionnaire. The research was carried out in groups of up to 30 people. After the research work was completed, the participants’ data were coded.","[NEO, 1, NEO, up to 30]","['ORG', 'CARDINAL', 'ORG', 'CARDINAL']","[590, 759, 799, 876]","[593, 760, 802, 884]",study participants
C:\Users\shweata\dictionary\ethics_statement_project\ethics_statement_frontiers_100\PMC8175891\sections\1_body\6_ethics_statement\1_p.xml,The studies involving human participants were reviewed and approved by the Senate Committee on Ethics of Scientific Research at the University School of Physical Education in Wrocław – number 20/2019. The patients/participants provided their written informed consent to participate in this study.,"[the Senate Committee on Ethics of Scientific Research, the University School of Physical Education, Wrocław]","['ORG', 'ORG', 'ORG']","[71, 128, 175]","[124, 171, 182]",human participants
C:\Users\shweata\dictionary\ethics_statement_project\ethics_statement_frontiers_100\PMC8175897\sections\1_body\6_ethics_statement\1_p.xml,Ethical review and approval was not required for the study on human participants in accordance with the local legislation and institutional requirements. The patients/participants provided their written informed consent to participate in this study.,[],[],[],[],human participants
C:\Users\shweata\dictionary\ethics_statement_project\ethics_statement_frontiers_100\PMC8175966\sections\1_body\5_ethics_statement\1_p.xml,The study protocol involving human participants was reviewed and approved by the ethics committee of Asan Medical Center (IRB Number: 2021-0058). The informed consent requirements were waived by the ethics committee of Asan Medical Center.,"[Asan Medical Center, Asan Medical Center]","['ORG', 'ORG']","[101, 219]","[120, 238]",ethics committee
C:\Users\shweata\dictionary\ethics_statement_project\ethics_statement_frontiers_100\PMC8176110\sections\1_body\1_patients_and_methods\5_ethics\1_p.xml,The study protocol was approved by the ethics committee of the Charité - Universitätsmedizin Berlin (EA2/088/18).,[Charité - Universitätsmedizin Berlin],['ORG'],[63],[99],ethics committee
C:\Users\shweata\dictionary\ethics_statement_project\ethics_statement_frontiers_100\PMC8176110\sections\1_body\7_ethics_statement\1_p.xml,The studies involving human participants were reviewed and approved by ethics committee of the Charité - Universitätsmedizin Berlin (EA2/088/18). Written informed consent for participation was not required for this study in accordance with the national legislation and the institutional requirements.,[Charité - Universitätsmedizin Berlin],['ORG'],[95],[131],ethics committee
C:\Users\shweata\dictionary\ethics_statement_project\ethics_statement_frontiers_100\PMC8176117\sections\1_body\4_ethics_statement\1_p.xml,Written informed consent was obtained from the individual(s) for the publication of any potentially identifiable images or data included in this article.,[],[],[],[],informed consent
C:\Users\shweata\dictionary\ethics_statement_project\ethics_statement_frontiers_100\PMC8176203\sections\1_body\8_ethics_statement\1_p.xml,The studies involving human participants were reviewed and approved by Ethics Committee of Shengjing Hospital. The patients/participants provided their written informed consent to participate in this study. Written informed consent was obtained from the individual(s) for the publication of any potentially identifiable images or data included in this article. Informed written consent was obtained from the patient for publication of this report and any accompanying images.,[Ethics Committee of Shengjing Hospital],['ORG'],[71],[109],human participants
C:\Users\shweata\dictionary\ethics_statement_project\ethics_statement_frontiers_100\PMC8176283\sections\1_body\0_introduction\1_p.xml,"The prediction of human height has long been of great interest to the medical research community and as a model for complex trait prediction. During the 20th century, much of the adulthood height prediction has been based on parental information ref. (
 ",[the 20th century],['DATE'],[149],[165],medical research
C:\Users\shweata\dictionary\ethics_statement_project\ethics_statement_frontiers_100\PMC8176283\sections\1_body\5_ethics_statement\1_p.xml,UK Biobank had obtained ethics approval from the North West Multi-centre Research Ethics Committee which covers the UK (approval number: 11/NW/0382) and had obtained informed consent from all participants.,"[UK Biobank, Research Ethics Committee, UK, 11]","['ORG', 'ORG', 'GPE', 'CARDINAL']","[0, 73, 116, 137]","[10, 98, 118, 139]",approval number
C:\Users\shweata\dictionary\ethics_statement_project\ethics_statement_frontiers_100\PMC8177669\sections\1_body\4_ethics_statement\1_p.xml,Ethical approval was not provided for this study on human participants because case report. The patients/participants provided their written informed consent to participate in this study. Written informed consent was obtained from the patient for publication of this case report and any accompanying images.,[],[],[],[],human participants
C:\Users\shweata\dictionary\ethics_statement_project\ethics_statement_frontiers_100\PMC8177695\sections\1_body\1_case_description\1_p.xml,"A 54-year-old nulligravida female had a 10-year history of nocturia, urinary frequency and recurrent urinary tract infections which had been managed with short courses of antibiotics. On presentation, physical examination revealed a firm hard mass along the anterior vaginal wall. Her examination was otherwise unremarkable and specifically no evidence of bony dysplasia of her limbs. Despite the length of symptoms, she had not undergone any investigations for her long-standing urinary symptoms until a computed tomography (CT) scan of her pelvis was organized and a large pelvic mass emerging from her pubis was noted, prompting specialist sarcoma service referral. The patient consented to the production of this report and it was approved by our ethics committee.","[54-year-old, 10-year]","['DATE', 'DATE']","[2, 40]","[13, 47]",ethics committee
C:\Users\shweata\dictionary\ethics_statement_project\ethics_statement_frontiers_100\PMC8177695\sections\1_body\5_ethics_statement\1_p.xml,The studies involving human participants were reviewed and approved by St Vincent's Hospital (Melbourne) Human Research Ethics Committee (HREC). The patients/participants provided their written informed consent to participate in this study. Written informed consent was obtained from the individual(s) for the publication of any potentially identifiable images or data included in this article.,"[St Vincent's Hospital, Melbourne) Human Research Ethics Committee]","['PERSON', 'ORG']","[71, 94]","[92, 136]",human participants
C:\Users\shweata\dictionary\ethics_statement_project\ethics_statement_frontiers_100\PMC8180579\sections\1_body\1_methods\2_participants\1_p.xml,"The target population consists of patients hospitalized with the coronavirus. The eligible patients, based on the inclusion criteria, will be informed about the purpose of study. Then an assistant researcher will collaborate to obtain the written informed consent. It will be ensured that participants can withdraw from the study any time they wish with no effect on their subsequent care. The informed consent has already been evaluated by the Ethics Committee of MUMS (Ethical code: IR.MUMS.REC.1399.118).","[the Ethics Committee, IR.MUMS.REC.1399.118]","['ORG', 'ORG']","[441, 485]","[461, 505]",informed consent
C:\Users\shweata\dictionary\ethics_statement_project\ethics_statement_frontiers_100\PMC8183679\sections\1_body\5_ethics_statement\1_p.xml,The studies involving human participants were reviewed and approved by the institutional review board of the First Affiliated Hospital of Zhengzhou University. The ethics approval number is 2019-KY-330. The patients/participants provided their written informed consent to participate in this study.,"[the First Affiliated Hospital of Zhengzhou University, 2019-KY-330]","['ORG', 'DATE']","[105, 190]","[158, 201]",approval number
C:\Users\shweata\dictionary\ethics_statement_project\ethics_statement_frontiers_100\PMC8185018\sections\1_body\6_ethics_statement\1_p.xml,The studies involving human participants were reviewed and approved by Research Ethics Committee of the Medical Faculty of the Ruhr University Bochum. The participants provided their informed consent to participate in this study.,"[Research Ethics Committee, the Medical Faculty of the Ruhr University Bochum]","['ORG', 'ORG']","[71, 100]","[96, 149]",human participants
C:\Users\shweata\dictionary\ethics_statement_project\ethics_statement_frontiers_100\PMC8185063\sections\1_body\4_ethics_statement\1_p.xml,"The Medical and Health Research Ethics Committee of Faculty of Medicine, Public Health and Nursing, Universitas Gadjah Mada/Dr. Sardjito Hospital ruled the study exempt from approval because this study was a case series. Written informed consent was obtained from all parents of the patients for publication of this case series.","[The Medical and Health Research Ethics Committee of Faculty of Medicine, Public Health, Nursing, Sardjito Hospital]","['ORG', 'GPE', 'PERSON']","[0, 91, 128]","[86, 98, 145]",informed consent
C:\Users\shweata\dictionary\ethics_statement_project\ethics_statement_frontiers_100\PMC8185277\sections\1_body\1_materials_and_methods\3_ethics_statement\1_p.xml,Informed consents were obtained from all the participants. This study was approved by the Clinical Trials and Biomedical Ethics Committee of West China [no. 2014 (198)] and was performed in accordance with the ethical standards as laid down in the 1964 Declaration of Helsinki and its later amendments or comparable ethical standards.,"[the Clinical Trials and Biomedical Ethics Committee, 2014, 198]","['ORG', 'DATE', 'CARDINAL']","[86, 157, 163]","[137, 161, 166]",ethical standards
C:\Users\shweata\dictionary\ethics_statement_project\ethics_statement_frontiers_100\PMC8185277\sections\1_body\6_ethics_statement\1_p.xml,The studies involving human participants were reviewed and approved by Clinical Trials and Biomedical Ethics Committee of West China. The patients/participants provided their written informed consent to participate in this study.,[Clinical Trials and Biomedical Ethics Committee],['ORG'],[71],[118],human participants
C:\Users\shweata\dictionary\ethics_statement_project\ethics_statement_frontiers_100\PMC8185331\sections\1_body\4_ethics_statement\1_p.xml,Written informed consent was obtained from the individual(s) for the publication of any potentially identifiable images or data included in this article.,[],[],[],[],informed consent
C:\Users\shweata\dictionary\ethics_statement_project\ethics_statement_frontiers_100\PMC8192969\sections\1_body\4_ethics_statement\1_p.xml,"The studies involving human participants were reviewed and approved by Ethical Committee, Guangdong Women and Children Hospital. Written informed consent to participate in this study was provided by the participants' legal guardian/next of kin.","[Ethical Committee, Guangdong Women and Children Hospital]","['ORG', 'ORG']","[71, 90]","[88, 127]",human participants
C:\Users\shweata\dictionary\ethics_statement_project\ethics_statement_frontiers_100\PMC8193050\sections\1_body\7_ethics_statement\1_p.xml,Ethical approval was not provided for this study on human participants because the study is based upon secondary data analysis. The patients/participants provided their written informed consent to participate in this study.,[],[],[],[],human participants
C:\Users\shweata\dictionary\ethics_statement_project\ethics_statement_frontiers_100\PMC8194346\sections\1_body\4_ethics_statement\1_p.xml,"The study was conducted in accordance with the principles of the Declaration of Helsinki, and the study protocol was approved by the ethics committee of Henan Cancer Hospital. We obtained patient consent before the study. Written informed consent was obtained from the participant for the publication of this case report. Manuscript is approved by all authors for publication.","[the Declaration of Helsinki, Henan Cancer Hospital]","['WORK_OF_ART', 'ORG']","[61, 153]","[88, 174]",ethics committee
C:\Users\shweata\dictionary\ethics_statement_project\ethics_statement_frontiers_100\PMC8200661\sections\1_body\5_ethics_statement\1_p.xml,The studies involving human participants were reviewed and approved by the ethics committee of the First Affiliated Hospital of Anhui Medical University. The patients/participants provided their written informed consent to participate in this study.,[the First Affiliated Hospital of Anhui Medical University],['ORG'],[95],[152],ethics committee
