,path,PMCID
0,C:\Users\shweata\tps_300\PMC2459234\supplementaryfiles,PMC2459234
1,C:\Users\shweata\tps_300\PMC2756395\supplementaryfiles,PMC2756395
2,C:\Users\shweata\tps_300\PMC2892144\supplementaryfiles,PMC2892144
3,C:\Users\shweata\tps_300\PMC3071761\supplementaryfiles,PMC3071761
4,C:\Users\shweata\tps_300\PMC3095273\supplementaryfiles,PMC3095273
5,C:\Users\shweata\tps_300\PMC3193516\supplementaryfiles,PMC3193516
6,C:\Users\shweata\tps_300\PMC3195254\supplementaryfiles,PMC3195254
7,C:\Users\shweata\tps_300\PMC3295389\supplementaryfiles,PMC3295389
8,C:\Users\shweata\tps_300\PMC3346232\supplementaryfiles,PMC3346232
9,C:\Users\shweata\tps_300\PMC3346237\supplementaryfiles,PMC3346237
10,C:\Users\shweata\tps_300\PMC3394800\supplementaryfiles,PMC3394800
11,C:\Users\shweata\tps_300\PMC3423072\supplementaryfiles,PMC3423072
12,C:\Users\shweata\tps_300\PMC3466413\supplementaryfiles,PMC3466413
13,C:\Users\shweata\tps_300\PMC3525583\supplementaryfiles,PMC3525583
14,C:\Users\shweata\tps_300\PMC3570303\supplementaryfiles,PMC3570303
15,C:\Users\shweata\tps_300\PMC3635961\supplementaryfiles,PMC3635961
16,C:\Users\shweata\tps_300\PMC3668260\supplementaryfiles,PMC3668260
17,C:\Users\shweata\tps_300\PMC3775748\supplementaryfiles,PMC3775748
18,C:\Users\shweata\tps_300\PMC3969365\supplementaryfiles,PMC3969365
19,C:\Users\shweata\tps_300\PMC4007517\supplementaryfiles,PMC4007517
20,C:\Users\shweata\tps_300\PMC4125705\supplementaryfiles,PMC4125705
21,C:\Users\shweata\tps_300\PMC4273207\supplementaryfiles,PMC4273207
22,C:\Users\shweata\tps_300\PMC4277265\supplementaryfiles,PMC4277265
23,C:\Users\shweata\tps_300\PMC4364678\supplementaryfiles,PMC4364678
24,C:\Users\shweata\tps_300\PMC4397498\supplementaryfiles,PMC4397498
25,C:\Users\shweata\tps_300\PMC4438586\supplementaryfiles,PMC4438586
26,C:\Users\shweata\tps_300\PMC4473991\supplementaryfiles,PMC4473991
27,C:\Users\shweata\tps_300\PMC4506461\supplementaryfiles,PMC4506461
28,C:\Users\shweata\tps_300\PMC4645219\supplementaryfiles,PMC4645219
29,C:\Users\shweata\tps_300\PMC4654506\supplementaryfiles,PMC4654506
30,C:\Users\shweata\tps_300\PMC4709469\supplementaryfiles,PMC4709469
31,C:\Users\shweata\tps_300\PMC4737073\supplementaryfiles,PMC4737073
32,C:\Users\shweata\tps_300\PMC4737078\supplementaryfiles,PMC4737078
33,C:\Users\shweata\tps_300\PMC4757406\supplementaryfiles,PMC4757406
34,C:\Users\shweata\tps_300\PMC4803801\supplementaryfiles,PMC4803801
35,C:\Users\shweata\tps_300\PMC4861830\supplementaryfiles,PMC4861830
36,C:\Users\shweata\tps_300\PMC4883687\supplementaryfiles,PMC4883687
37,C:\Users\shweata\tps_300\PMC4934395\supplementaryfiles,PMC4934395
38,C:\Users\shweata\tps_300\PMC4963619\supplementaryfiles,PMC4963619
39,C:\Users\shweata\tps_300\PMC5083917\supplementaryfiles,PMC5083917
40,C:\Users\shweata\tps_300\PMC5122590\supplementaryfiles,PMC5122590
41,C:\Users\shweata\tps_300\PMC5281624\supplementaryfiles,PMC5281624
42,C:\Users\shweata\tps_300\PMC5289981\supplementaryfiles,PMC5289981
43,C:\Users\shweata\tps_300\PMC5301923\supplementaryfiles,PMC5301923
44,C:\Users\shweata\tps_300\PMC5333544\supplementaryfiles,PMC5333544
45,C:\Users\shweata\tps_300\PMC5341033\supplementaryfiles,PMC5341033
46,C:\Users\shweata\tps_300\PMC5395458\supplementaryfiles,PMC5395458
47,C:\Users\shweata\tps_300\PMC5404360\supplementaryfiles,PMC5404360
48,C:\Users\shweata\tps_300\PMC5432621\supplementaryfiles,PMC5432621
49,C:\Users\shweata\tps_300\PMC5442961\supplementaryfiles,PMC5442961
50,C:\Users\shweata\tps_300\PMC5449406\supplementaryfiles,PMC5449406
51,C:\Users\shweata\tps_300\PMC5495837\supplementaryfiles,PMC5495837
52,C:\Users\shweata\tps_300\PMC5543080\supplementaryfiles,PMC5543080
53,C:\Users\shweata\tps_300\PMC5562797\supplementaryfiles,PMC5562797
54,C:\Users\shweata\tps_300\PMC5562913\supplementaryfiles,PMC5562913
55,C:\Users\shweata\tps_300\PMC5568196\supplementaryfiles,PMC5568196
56,C:\Users\shweata\tps_300\PMC5573811\supplementaryfiles,PMC5573811
57,C:\Users\shweata\tps_300\PMC5584320\supplementaryfiles,PMC5584320
58,C:\Users\shweata\tps_300\PMC5641392\supplementaryfiles,PMC5641392
59,C:\Users\shweata\tps_300\PMC5681606\supplementaryfiles,PMC5681606
60,C:\Users\shweata\tps_300\PMC5683525\supplementaryfiles,PMC5683525
61,C:\Users\shweata\tps_300\PMC5684173\supplementaryfiles,PMC5684173
62,C:\Users\shweata\tps_300\PMC5694497\supplementaryfiles,PMC5694497
63,C:\Users\shweata\tps_300\PMC5700130\supplementaryfiles,PMC5700130
64,C:\Users\shweata\tps_300\PMC5700745\supplementaryfiles,PMC5700745
65,C:\Users\shweata\tps_300\PMC5761147\supplementaryfiles,PMC5761147
66,C:\Users\shweata\tps_300\PMC5767561\supplementaryfiles,PMC5767561
67,C:\Users\shweata\tps_300\PMC5785346\supplementaryfiles,PMC5785346
68,C:\Users\shweata\tps_300\PMC5802726\supplementaryfiles,PMC5802726
69,C:\Users\shweata\tps_300\PMC5850473\supplementaryfiles,PMC5850473
70,C:\Users\shweata\tps_300\PMC5853461\supplementaryfiles,PMC5853461
71,C:\Users\shweata\tps_300\PMC5876372\supplementaryfiles,PMC5876372
72,C:\Users\shweata\tps_300\PMC5927414\supplementaryfiles,PMC5927414
73,C:\Users\shweata\tps_300\PMC5984618\supplementaryfiles,PMC5984618
74,C:\Users\shweata\tps_300\PMC6014366\supplementaryfiles,PMC6014366
75,C:\Users\shweata\tps_300\PMC6020762\supplementaryfiles,PMC6020762
76,C:\Users\shweata\tps_300\PMC6093421\supplementaryfiles,PMC6093421
77,C:\Users\shweata\tps_300\PMC6100370\supplementaryfiles,PMC6100370
78,C:\Users\shweata\tps_300\PMC6100529\supplementaryfiles,PMC6100529
79,C:\Users\shweata\tps_300\PMC6102311\supplementaryfiles,PMC6102311
80,C:\Users\shweata\tps_300\PMC6110934\supplementaryfiles,PMC6110934
81,C:\Users\shweata\tps_300\PMC6117411\supplementaryfiles,PMC6117411
82,C:\Users\shweata\tps_300\PMC6121529\supplementaryfiles,PMC6121529
83,C:\Users\shweata\tps_300\PMC6124719\supplementaryfiles,PMC6124719
84,C:\Users\shweata\tps_300\PMC6128898\supplementaryfiles,PMC6128898
85,C:\Users\shweata\tps_300\PMC6131416\supplementaryfiles,PMC6131416
86,C:\Users\shweata\tps_300\PMC6140472\supplementaryfiles,PMC6140472
87,C:\Users\shweata\tps_300\PMC6154332\supplementaryfiles,PMC6154332
88,C:\Users\shweata\tps_300\PMC6156593\supplementaryfiles,PMC6156593
89,C:\Users\shweata\tps_300\PMC6163538\supplementaryfiles,PMC6163538
90,C:\Users\shweata\tps_300\PMC6198442\supplementaryfiles,PMC6198442
91,C:\Users\shweata\tps_300\PMC6214137\supplementaryfiles,PMC6214137
92,C:\Users\shweata\tps_300\PMC6231246\supplementaryfiles,PMC6231246
93,C:\Users\shweata\tps_300\PMC6239295\supplementaryfiles,PMC6239295
94,C:\Users\shweata\tps_300\PMC6240891\supplementaryfiles,PMC6240891
95,C:\Users\shweata\tps_300\PMC6246602\supplementaryfiles,PMC6246602
96,C:\Users\shweata\tps_300\PMC6272835\supplementaryfiles,PMC6272835
97,C:\Users\shweata\tps_300\PMC6278268\supplementaryfiles,PMC6278268
98,C:\Users\shweata\tps_300\PMC6287202\supplementaryfiles,PMC6287202
99,C:\Users\shweata\tps_300\PMC6289780\supplementaryfiles,PMC6289780
100,C:\Users\shweata\tps_300\PMC6299004\supplementaryfiles,PMC6299004
101,C:\Users\shweata\tps_300\PMC6355774\supplementaryfiles,PMC6355774
102,C:\Users\shweata\tps_300\PMC6367160\supplementaryfiles,PMC6367160
103,C:\Users\shweata\tps_300\PMC6393351\supplementaryfiles,PMC6393351
104,C:\Users\shweata\tps_300\PMC6399326\supplementaryfiles,PMC6399326
105,C:\Users\shweata\tps_300\PMC6417135\supplementaryfiles,PMC6417135
106,C:\Users\shweata\tps_300\PMC6437863\supplementaryfiles,PMC6437863
107,C:\Users\shweata\tps_300\PMC6473938\supplementaryfiles,PMC6473938
108,C:\Users\shweata\tps_300\PMC6524965\supplementaryfiles,PMC6524965
109,C:\Users\shweata\tps_300\PMC6531464\supplementaryfiles,PMC6531464
110,C:\Users\shweata\tps_300\PMC6544981\supplementaryfiles,PMC6544981
111,C:\Users\shweata\tps_300\PMC6563135\supplementaryfiles,PMC6563135
112,C:\Users\shweata\tps_300\PMC6580502\supplementaryfiles,PMC6580502
113,C:\Users\shweata\tps_300\PMC6592883\supplementaryfiles,PMC6592883
114,C:\Users\shweata\tps_300\PMC6598649\supplementaryfiles,PMC6598649
115,C:\Users\shweata\tps_300\PMC6632208\supplementaryfiles,PMC6632208
116,C:\Users\shweata\tps_300\PMC6651613\supplementaryfiles,PMC6651613
117,C:\Users\shweata\tps_300\PMC6678411\supplementaryfiles,PMC6678411
118,C:\Users\shweata\tps_300\PMC6679452\supplementaryfiles,PMC6679452
119,C:\Users\shweata\tps_300\PMC6680504\supplementaryfiles,PMC6680504
120,C:\Users\shweata\tps_300\PMC6707142\supplementaryfiles,PMC6707142
121,C:\Users\shweata\tps_300\PMC6707303\supplementaryfiles,PMC6707303
122,C:\Users\shweata\tps_300\PMC6723042\supplementaryfiles,PMC6723042
123,C:\Users\shweata\tps_300\PMC6742361\supplementaryfiles,PMC6742361
124,C:\Users\shweata\tps_300\PMC6747315\supplementaryfiles,PMC6747315
125,C:\Users\shweata\tps_300\PMC6761604\supplementaryfiles,PMC6761604
126,C:\Users\shweata\tps_300\PMC6767024\supplementaryfiles,PMC6767024
127,C:\Users\shweata\tps_300\PMC6784883\supplementaryfiles,PMC6784883
128,C:\Users\shweata\tps_300\PMC6796385\supplementaryfiles,PMC6796385
129,C:\Users\shweata\tps_300\PMC6804824\supplementaryfiles,PMC6804824
130,C:\Users\shweata\tps_300\PMC6850102\supplementaryfiles,PMC6850102
131,C:\Users\shweata\tps_300\PMC6902781\supplementaryfiles,PMC6902781
132,C:\Users\shweata\tps_300\PMC6941020\supplementaryfiles,PMC6941020
133,C:\Users\shweata\tps_300\PMC6941427\supplementaryfiles,PMC6941427
134,C:\Users\shweata\tps_300\PMC6945444\supplementaryfiles,PMC6945444
135,C:\Users\shweata\tps_300\PMC6976640\supplementaryfiles,PMC6976640
136,C:\Users\shweata\tps_300\PMC6986037\supplementaryfiles,PMC6986037
137,C:\Users\shweata\tps_300\PMC6986057\supplementaryfiles,PMC6986057
138,C:\Users\shweata\tps_300\PMC6995508\supplementaryfiles,PMC6995508
139,C:\Users\shweata\tps_300\PMC7013532\supplementaryfiles,PMC7013532
140,C:\Users\shweata\tps_300\PMC7015852\supplementaryfiles,PMC7015852
141,C:\Users\shweata\tps_300\PMC7029581\supplementaryfiles,PMC7029581
142,C:\Users\shweata\tps_300\PMC7062797\supplementaryfiles,PMC7062797
143,C:\Users\shweata\tps_300\PMC7067565\supplementaryfiles,PMC7067565
144,C:\Users\shweata\tps_300\PMC7072466\supplementaryfiles,PMC7072466
145,C:\Users\shweata\tps_300\PMC7125107\supplementaryfiles,PMC7125107
146,C:\Users\shweata\tps_300\PMC7154873\supplementaryfiles,PMC7154873
147,C:\Users\shweata\tps_300\PMC7180759\supplementaryfiles,PMC7180759
148,C:\Users\shweata\tps_300\PMC7206992\supplementaryfiles,PMC7206992
149,C:\Users\shweata\tps_300\PMC7216305\supplementaryfiles,PMC7216305
150,C:\Users\shweata\tps_300\PMC7230838\supplementaryfiles,PMC7230838
151,C:\Users\shweata\tps_300\PMC7238224\supplementaryfiles,PMC7238224
152,C:\Users\shweata\tps_300\PMC7279377\supplementaryfiles,PMC7279377
153,C:\Users\shweata\tps_300\PMC7286024\supplementaryfiles,PMC7286024
154,C:\Users\shweata\tps_300\PMC7290806\supplementaryfiles,PMC7290806
155,C:\Users\shweata\tps_300\PMC7293187\supplementaryfiles,PMC7293187
156,C:\Users\shweata\tps_300\PMC7299927\supplementaryfiles,PMC7299927
157,C:\Users\shweata\tps_300\PMC7305226\supplementaryfiles,PMC7305226
158,C:\Users\shweata\tps_300\PMC7321343\supplementaryfiles,PMC7321343
159,C:\Users\shweata\tps_300\PMC7332032\supplementaryfiles,PMC7332032
160,C:\Users\shweata\tps_300\PMC7352595\supplementaryfiles,PMC7352595
161,C:\Users\shweata\tps_300\PMC7356763\supplementaryfiles,PMC7356763
162,C:\Users\shweata\tps_300\PMC7417412\supplementaryfiles,PMC7417412
163,C:\Users\shweata\tps_300\PMC7419205\supplementaryfiles,PMC7419205
164,C:\Users\shweata\tps_300\PMC7422722\supplementaryfiles,PMC7422722
165,C:\Users\shweata\tps_300\PMC7432446\supplementaryfiles,PMC7432446
166,C:\Users\shweata\tps_300\PMC7459318\supplementaryfiles,PMC7459318
167,C:\Users\shweata\tps_300\PMC7484799\supplementaryfiles,PMC7484799
168,C:\Users\shweata\tps_300\PMC7497057\supplementaryfiles,PMC7497057
169,C:\Users\shweata\tps_300\PMC7504178\supplementaryfiles,PMC7504178
170,C:\Users\shweata\tps_300\PMC7552398\supplementaryfiles,PMC7552398
171,C:\Users\shweata\tps_300\PMC7582308\supplementaryfiles,PMC7582308
172,C:\Users\shweata\tps_300\PMC7591569\supplementaryfiles,PMC7591569
173,C:\Users\shweata\tps_300\PMC7696289\supplementaryfiles,PMC7696289
174,C:\Users\shweata\tps_300\PMC7698779\supplementaryfiles,PMC7698779
175,C:\Users\shweata\tps_300\PMC7705728\supplementaryfiles,PMC7705728
176,C:\Users\shweata\tps_300\PMC7724791\supplementaryfiles,PMC7724791
177,C:\Users\shweata\tps_300\PMC7794574\supplementaryfiles,PMC7794574
178,C:\Users\shweata\tps_300\PMC7815096\supplementaryfiles,PMC7815096
179,C:\Users\shweata\tps_300\PMC7826640\supplementaryfiles,PMC7826640
180,C:\Users\shweata\tps_300\PMC7861536\supplementaryfiles,PMC7861536
181,C:\Users\shweata\tps_300\PMC7866031\supplementaryfiles,PMC7866031
182,C:\Users\shweata\tps_300\PMC7890063\supplementaryfiles,PMC7890063
183,C:\Users\shweata\tps_300\PMC7890116\supplementaryfiles,PMC7890116
184,C:\Users\shweata\tps_300\PMC7916813\supplementaryfiles,PMC7916813
185,C:\Users\shweata\tps_300\PMC7917091\supplementaryfiles,PMC7917091
186,C:\Users\shweata\tps_300\PMC7917104\supplementaryfiles,PMC7917104
187,C:\Users\shweata\tps_300\PMC7923825\supplementaryfiles,PMC7923825
188,C:\Users\shweata\tps_300\PMC7952619\supplementaryfiles,PMC7952619
189,C:\Users\shweata\tps_300\PMC7952643\supplementaryfiles,PMC7952643
190,C:\Users\shweata\tps_300\PMC7968207\supplementaryfiles,PMC7968207
191,C:\Users\shweata\tps_300\PMC7982956\supplementaryfiles,PMC7982956
192,C:\Users\shweata\tps_300\PMC8061277\supplementaryfiles,PMC8061277
193,C:\Users\shweata\tps_300\PMC8066702\supplementaryfiles,PMC8066702
194,C:\Users\shweata\tps_300\PMC8087695\supplementaryfiles,PMC8087695
195,C:\Users\shweata\tps_300\PMC8101708\supplementaryfiles,PMC8101708
196,C:\Users\shweata\tps_300\PMC8110574\supplementaryfiles,PMC8110574
197,C:\Users\shweata\tps_300\PMC8147058\supplementaryfiles,PMC8147058
198,C:\Users\shweata\tps_300\PMC8148558\supplementaryfiles,PMC8148558
199,C:\Users\shweata\tps_300\PMC8153298\supplementaryfiles,PMC8153298
200,C:\Users\shweata\tps_300\PMC8166937\supplementaryfiles,PMC8166937
201,C:\Users\shweata\tps_300\PMC8212831\supplementaryfiles,PMC8212831
202,C:\Users\shweata\tps_300\PMC8213826\supplementaryfiles,PMC8213826
203,C:\Users\shweata\tps_300\PMC8222033\supplementaryfiles,PMC8222033
204,C:\Users\shweata\tps_300\PMC8224800\supplementaryfiles,PMC8224800
205,C:\Users\shweata\tps_300\PMC8248349\supplementaryfiles,PMC8248349
206,C:\Users\shweata\tps_300\PMC8255067\supplementaryfiles,PMC8255067
207,C:\Users\shweata\tps_300\PMC8278605\supplementaryfiles,PMC8278605
208,C:\Users\shweata\tps_300\PMC8318001\supplementaryfiles,PMC8318001
